{"-X-------": {"ul": 0.125, "ur": 0.125, "cl": 0.125, "cm": 0.125, "cr": 0.125, "ll": 0.125, "lm": 0.125, "lr": 0.125}, "-X--XO---": {"ul": 0.16666666666666666, "ur": 0.16666666666666666, "cl": 0.16666666666666666, "ll": 0.16666666666666666, "lm": 0.16666666666666666, "lr": 0.16666666666666666}, "-XX-XO--O": {"ul": 0.25, "cl": 0.25, "ll": 0.25, "lm": 0.25}, "--X------": {"ul": 0.125, "um": 0.125, "cl": 0.125, "cm": 0.125, "cr": 0.125, "ll": 0.125, "lm": 0.125, "lr": 0.125}, "O-X--X---": {"um": 0.16666666666666666, "cl": 0.16666666666666666, "cm": 0.16666666666666666, "ll": 0.16666666666666666, "lm": 0.16666666666666666, "lr": 0.16666666666666666}, "O-XX-XO--": {"um": 0.25, "cm": 0.25, "lm": 0.25, "lr": 0.25}, "----X----": {"ul": 0.125, "um": 0.125, "ur": 0.125, "cl": 0.125, "cr": 0.125, "ll": 0.125, "lm": 0.125, "lr": 0.125}, "O---X---X": {"um": 0.16666666666666666, "ur": 0.16666666666666666, "cl": 0.16666666666666666, "cr": 0.16666666666666666, "ll": 0.16666666666666666, "lm": 0.16666666666666666}, "O--XX-O-X": {"um": 0.25, "ur": 0.25, "cr": 0.25, "lm": 0.25}, "O-OXXXO-X": {"um": 0.5, "lm": 0.5}, "--------X": {"ul": 0.125, "um": 0.125, "ur": 0.125, "cl": 0.125, "cm": 0.125, "cr": 0.125, "ll": 0.125, "lm": 0.125}, "------XOX": {"ul": 0.16666666666666666, "um": 0.16666666666666666, "ur": 0.16666666666666666, "cl": 0.16666666666666666, "cm": 0.16666666666666666, "cr": 0.16666666666666666}, "---OX-XOX": {"ul": 0.25, "um": 0.25, "ur": 0.25, "cr": 0.25}, "O-X-X----": {"um": 0.16666666666666666, "cl": 0.16666666666666666, "cr": 0.16666666666666666, "ll": 0.16666666666666666, "lm": 0.16666666666666666, "lr": 0.16666666666666666}, "O-XOXX---": {"um": 0.25, "ll": 0.25, "lm": 0.25, "lr": 0.25}, "O----X--X": {"um": 0.16666666666666666, "ur": 0.16666666666666666, "cl": 0.16666666666666666, "cm": 0.16666666666666666, "ll": 0.16666666666666666, "lm": 0.16666666666666666}, "O-O-XX--X": {"um": 0.25, "cl": 0.25, "ll": 0.25, "lm": 0.25}, "--O----XX": {"ul": 0.16666666666666666, "um": 0.16666666666666666, "cl": 0.16666666666666666, "cm": 0.16666666666666666, "cr": 0.16666666666666666, "ll": 0.16666666666666666}}